<?xml version="1.0"?>
<pagescount>
	<html_total>200</html_total>
	<html_done>7</html_done>
	<images>335</images>
	<script>36</script>
	<css>14</css>
	<pdf/>
	<documents/>
	<excel/>
	<powerpoint/>
	<flash/>
	<audios/>
	<videos>5</videos>
	<xml/>
	<json>1</json>
	<txt/>
	<autocad/>
	<fonts>21</fonts>
	<scraping_reload>1</scraping_reload>
	<is_pretty_url>false</is_pretty_url>
	<is_ebn>false</is_ebn>
	<email>jaisaljosy48@gmail.com</email>
	<theme_name>WmdTheme571594</theme_name>
	<server_url_front_page>https://www6.waybackmachinedownloader.com/wdo/files/demo/github.com_jaisaljosy48_gmail.com_e8su2uvk77/</server_url_front_page>
	<no_www_url>github.com</no_www_url>
	<hosted_domain/>
	<original_archive_url>https://github.com/josprojects/imdb-movie-bot/tree/master/plugins/josprojects</original_archive_url>
	<final_archive_url>https://github.com/josprojects/imdb-movie-bot/tree/master/plugins/josprojects</final_archive_url>
	<front_page_code_date/>
	<total_urls_from_api/>
	<max_reached_live>false</max_reached_live>
	<scrape_other_captures>false</scrape_other_captures>
	<total_size>13012</total_size>
</pagescount>
